{
    "projectname": "waimai",
    "description": "",
    "appid": "wx46e1544b7c40c440",
    "setting": {
        "urlCheck": true,
        "es6": false,
        "enhance": false,
        "postcss": false,
        "preloadBackgroundData": false,
        "minified": false,
        "newFeature": true,
        "coverView": true,
        "nodeModules": false,
        "autoAudits": false,
        "showShadowRootInWxmlPanel": false,
        "scopeDataCheck": false,
        "uglifyFileName": false,
        "checkInvalidKey": true,
        "checkSiteMap": true,
        "uploadWithSourceMap": true,
        "compileHotReLoad": false,
        "useMultiFrameRuntime": false,
        "useApiHook": true,
        "babelSetting": {
            "ignore": [],
            "disablePlugins": [],
            "outputPath": ""
        },
        "enableEngineNative": false,
        "bundle": false,
        "useIsolateContext": true,
        "useCompilerModule": false,
        "userConfirmedUseCompilerModuleSwitch": false,
        "userConfirmedBundleSwitch": false,
        "packNpmManually": false,
        "packNpmRelationList": [],
        "minifyWXSS": true
    },
    "compileType": "miniprogram",
    "simulatorType": "wechat",
    "simulatorPluginLibVersion": {},
    "condition": {},
    "libVersion": "2.27.3",
    "packOptions": {
        "ignore": [],
        "include": []
    },
    "editorSetting": {
        "tabIndent": "insertSpaces",
        "tabSize": 4
    }
}